group_name,team_abbreviation,gp,w,l,w_pct,min,fgm,fga,fg_pct,fg3m,fg3a,fg3_pct,ftm,fta,ft_pct,oreb,dreb,reb,ast,tov,stl,blk,blka,pf,pfd,pts,plus_minus,gp_rank,w_rank,l_rank,w_pct_rank,min_rank,fgm_rank,fga_rank,fg_pct_rank,fg3m_rank,fg3a_rank,fg3_pct_rank,ftm_rank,fta_rank,ft_pct_rank,oreb_rank,dreb_rank,reb_rank,ast_rank,tov_rank,stl_rank,blk_rank,blka_rank,pf_rank,pfd_rank,pts_rank,plus_minus_rank
J. Collins - T. Young,ATL,46,23,23,0.5,27.9,25.1,51.8,0.484,7.0,18.8,0.37,9.7,12.4,0.784,5.8,20.0,25.8,15.1,7.1,3.8,2.8,2.7,10.8,11.9,66.8,1.5,3,3,199,75,1,1,2,68,4,2,111,7,5,123,7,1,2,1,201,3,3,196,200,2,1,57
T. Young - D. Hunter,ATL,29,14,15,0.483,26.9,23.9,49.2,0.486,6.6,17.6,0.377,9.8,12.4,0.794,5.4,18.4,23.9,14.0,7.2,3.7,2.5,2.7,10.9,12.0,64.3,-0.5,24,25,178,102,2,2,5,65,5,4,101,6,4,116,9,3,3,2,202,5,5,195,201,1,5,121
L. Williams - W. Iwundu,ATL,1,1,0,1.0,26.5,22.0,53.0,0.415,7.0,20.0,0.35,15.0,17.0,0.882,8.0,15.0,23.0,9.0,1.0,2.0,3.0,5.0,13.0,10.0,66.0,1.0,165,122,1,1,3,6,1,141,3,1,138,1,1,47,1,16,7,21,33,29,1,204,203,7,2,64
C. Capela - T. Young,ATL,47,24,23,0.511,24.9,23.1,47.6,0.486,6.5,16.9,0.384,8.4,10.8,0.774,5.9,17.9,23.9,13.3,6.2,3.7,2.3,2.6,9.8,10.1,61.1,1.1,2,1,199,74,5,3,7,66,6,6,94,12,9,131,6,5,4,3,199,4,8,194,199,5,6,63
C. Capela - W. Iwundu,ATL,2,1,1,0.5,24.9,23.0,50.5,0.455,8.0,18.5,0.432,11.0,12.0,0.917,7.5,15.5,23.0,12.0,2.0,4.0,2.0,4.5,9.0,10.5,65.0,4.5,135,122,30,75,4,4,3,92,1,3,51,4,6,31,2,14,7,7,103,1,13,202,195,4,3,18
W. Iwundu - T. Young,ATL,2,1,1,0.5,24.7,22.5,49.5,0.455,7.5,17.5,0.429,12.5,13.5,0.926,7.5,16.0,23.5,11.5,2.5,4.0,2.5,4.5,9.5,11.0,65.0,5.0,135,122,30,75,6,5,4,97,2,5,53,2,3,29,2,9,6,11,142,1,6,202,197,3,3,13
B. Bogdanovic - C. Brown Jr.,ATL,1,0,1,0.0,23.8,21.0,48.0,0.438,6.0,16.0,0.375,5.0,5.0,1.0,7.0,19.0,26.0,11.0,6.0,2.0,3.0,3.0,6.0,5.0,53.0,-11.0,165,170,30,170,7,9,6,117,8,9,105,45,71,1,4,2,1,12,197,29,1,197,175,51,11,203
B. Bogdanovic - T. Young,ATL,36,18,18,0.5,23.7,21.1,44.3,0.477,5.9,16.1,0.367,8.3,10.2,0.812,5.0,16.8,21.7,12.1,5.8,3.6,2.0,2.4,8.6,9.8,56.4,0.6,14,17,190,75,8,8,9,74,12,8,118,13,11,99,11,6,10,6,194,6,13,192,193,8,8,78
J. Collins - D. Hunter,ATL,27,12,15,0.444,23.4,21.0,43.3,0.485,5.3,15.0,0.354,7.5,9.7,0.772,4.8,16.3,21.1,13.0,6.2,3.1,2.2,2.3,9.6,10.1,54.8,-1.4,28,35,178,123,9,9,11,67,13,11,132,20,15,136,13,7,11,4,200,8,11,191,198,6,9,149
T. Young - C. Brown Jr.,ATL,3,1,2,0.333,23.3,19.3,45.0,0.43,6.0,15.7,0.383,8.7,9.7,0.897,5.7,18.0,23.7,10.3,5.0,2.0,2.7,3.3,7.3,7.3,53.3,-6.7,117,122,74,147,10,13,8,125,8,10,95,11,16,41,8,4,5,16,187,29,4,200,186,18,10,196
K. Huerter - T. Young,ATL,49,24,25,0.49,23.2,21.4,43.5,0.492,6.4,16.6,0.384,8.1,10.2,0.801,4.6,16.2,20.8,12.6,5.9,3.2,2.2,2.2,9.2,9.5,57.3,1.6,1,1,204,99,11,7,10,60,7,7,92,14,12,105,15,8,12,5,195,7,9,188,196,9,7,50
C. Capela - D. Hunter,ATL,25,12,13,0.48,21.7,20.0,40.4,0.497,5.2,13.3,0.387,7.0,9.2,0.758,4.6,15.6,20.2,11.6,5.9,3.1,2.0,2.2,8.7,9.2,52.2,0.1,35,35,167,104,12,11,13,55,16,17,80,22,18,144,14,13,15,9,196,10,24,190,194,10,12,92
C. Capela - J. Collins,ATL,42,21,21,0.5,21.0,19.5,39.6,0.493,5.2,13.5,0.386,6.3,8.7,0.725,4.9,15.8,20.7,11.8,5.5,3.1,2.2,2.2,8.0,8.3,50.5,2.1,9,9,196,75,14,12,14,58,15,16,87,28,20,155,12,12,13,8,193,9,12,187,191,14,13,36
C. Reddish - C. Brown Jr.,ATL,2,0,2,0.0,21.0,16.5,43.0,0.384,5.0,14.0,0.357,7.5,8.0,0.938,6.0,16.0,22.0,8.5,6.0,2.0,2.0,3.0,6.0,6.5,45.5,-14.0,135,170,74,170,13,18,12,163,18,13,128,21,24,25,5,9,9,24,197,29,13,197,175,26,18,204
J. Collins - K. Huerter,ATL,46,22,24,0.478,20.8,18.9,38.7,0.487,5.3,14.2,0.372,6.8,8.6,0.795,4.2,15.3,19.5,11.6,5.4,2.8,2.2,2.2,8.1,8.3,49.9,1.7,3,6,202,107,15,15,15,64,14,12,110,25,22,113,17,15,17,10,192,16,10,189,192,13,14,47
B. Bogdanovic - J. Collins,ATL,36,17,19,0.472,20.4,17.8,37.4,0.477,4.8,13.2,0.367,6.9,8.9,0.772,4.2,14.8,19.0,10.7,5.1,2.8,1.8,2.1,7.5,8.6,47.4,0.8,14,19,192,112,16,17,17,73,21,19,117,24,19,135,16,18,18,14,191,14,25,186,189,12,16,75
C. Capela - C. Brown Jr.,ATL,3,1,2,0.333,19.1,15.3,38.0,0.404,5.0,13.0,0.385,7.7,8.7,0.885,5.3,15.0,20.3,7.7,4.3,1.7,2.3,3.3,6.3,6.7,43.3,-5.7,117,122,74,147,17,22,16,150,18,20,88,19,20,45,10,16,14,28,182,50,7,200,179,25,19,191
B. Bogdanovic - D. Hunter,ATL,24,9,15,0.375,18.8,16.2,34.7,0.468,4.5,11.7,0.384,6.4,7.8,0.823,4.0,12.6,16.7,9.5,4.8,2.7,1.5,2.0,7.4,7.8,43.3,-1.9,41,54,178,139,18,19,19,86,24,22,91,27,31,89,19,20,20,18,186,18,34,172,187,16,20,158
C. Capela - K. Huerter,ATL,44,23,21,0.523,18.8,17.9,35.8,0.499,5.1,13.2,0.386,6.2,8.0,0.768,4.1,13.9,18.0,10.5,4.7,2.9,1.8,1.9,7.5,7.5,47.0,2.5,7,3,196,69,19,16,18,52,17,18,83,30,23,140,18,19,19,15,185,13,26,171,188,17,17,32
L. Williams - C. Oliver,ATL,1,1,0,1.0,18.5,15.0,34.0,0.441,5.0,14.0,0.357,8.0,8.0,1.0,2.0,10.0,12.0,7.0,2.0,1.0,1.0,2.0,14.0,6.0,43.0,-10.0,165,122,1,1,20,23,20,108,18,13,128,15,24,1,71,32,37,34,103,85,62,173,204,31,21,202
L. Williams - C. Brown Jr.,ATL,1,1,0,1.0,17.3,12.0,31.0,0.387,4.0,11.0,0.364,10.0,12.0,0.833,4.0,16.0,20.0,6.0,1.0,1.0,2.0,3.0,12.0,7.0,38.0,3.0,165,122,1,1,21,34,24,160,32,28,120,5,6,81,20,9,16,46,33,85,13,197,202,19,27,27
B. Bogdanovic - W. Iwundu,ATL,1,1,0,1.0,17.2,9.0,24.0,0.375,1.0,7.0,0.143,9.0,10.0,0.9,3.0,12.0,15.0,3.0,9.0,3.0,2.0,2.0,5.0,6.0,28.0,-7.0,165,122,1,1,22,65,40,167,144,65,185,8,13,38,32,23,24,121,203,11,13,173,153,31,50,197
C. Capela - B. Bogdanovic,ATL,35,18,17,0.514,17.0,15.7,32.2,0.487,4.2,11.2,0.373,4.6,6.3,0.74,3.8,12.5,16.3,9.0,4.3,2.4,1.6,1.7,6.2,6.5,40.2,0.2,16,17,187,71,23,21,22,63,30,27,109,53,44,152,24,21,21,21,181,20,33,169,178,28,23,87
C. Capela - C. Oliver,ATL,1,1,0,1.0,16.7,19.0,33.0,0.576,6.0,13.0,0.462,4.0,4.0,1.0,4.0,8.0,12.0,10.0,1.0,2.0,1.0,2.0,8.0,6.0,48.0,0.0,165,122,1,1,24,14,21,21,8,20,39,69,95,1,20,54,37,17,33,29,62,173,190,31,15,94
B. Bogdanovic - O. Okongwu,ATL,18,8,10,0.444,16.6,14.3,29.7,0.482,4.6,11.7,0.395,6.8,7.8,0.865,3.3,12.1,15.4,8.3,4.2,2.8,1.6,1.4,6.8,6.9,40.1,3.8,55,58,149,123,25,26,26,69,23,23,75,26,30,60,29,22,22,25,179,15,30,160,183,22,24,22
K. Huerter - D. Hunter,ATL,28,13,15,0.464,16.3,14.8,30.0,0.492,4.4,11.4,0.389,5.8,7.4,0.787,3.0,11.4,14.4,9.3,4.5,2.4,1.7,1.7,6.8,7.0,39.8,0.2,26,29,178,116,26,25,25,59,27,24,78,33,34,120,32,25,27,19,183,21,27,168,182,19,26,86
C. Oliver - M. Hill,ATL,1,0,1,0.0,15.9,15.0,27.0,0.556,4.0,8.0,0.5,2.0,6.0,0.333,3.0,12.0,15.0,11.0,5.0,1.0,2.0,2.0,7.0,5.0,36.0,-1.0,165,170,30,170,27,23,30,26,32,54,24,126,48,181,32,23,24,12,187,85,13,173,184,51,31,134
T. Young - S. Mays,ATL,4,1,3,0.25,15.6,15.8,31.8,0.496,4.8,11.3,0.422,5.5,6.3,0.88,4.0,8.8,12.8,9.3,2.0,2.8,0.8,2.0,4.3,5.0,41.8,-1.3,106,122,103,164,28,20,23,56,22,26,58,35,45,48,20,48,33,19,103,17,93,173,135,51,22,144
D. Gallinari - C. Reddish,ATL,25,11,14,0.44,15.4,12.3,28.3,0.435,3.7,10.5,0.351,6.2,7.6,0.821,3.5,11.0,14.5,6.7,3.8,2.2,1.2,1.4,5.5,6.8,34.6,-1.2,35,41,174,127,29,32,27,118,43,33,137,29,32,90,26,27,26,42,174,23,54,157,170,23,34,141
D. Wright - C. Reddish,ATL,26,14,12,0.538,14.9,11.6,26.8,0.433,3.9,10.4,0.378,5.2,6.7,0.776,3.6,10.8,14.3,7.0,4.0,2.0,1.6,1.3,5.1,6.2,32.3,-0.8,30,25,157,60,31,39,31,121,39,34,100,43,39,130,25,29,28,37,176,28,32,156,161,29,40,131
T. Luwawu-Cabarrot - K. Huerter,ATL,19,7,12,0.368,14.9,13.2,27.9,0.472,4.4,11.3,0.386,5.7,7.2,0.794,3.4,10.9,14.3,7.9,4.2,2.1,1.5,1.5,5.7,5.8,36.4,-0.4,53,63,157,145,30,27,28,78,28,25,84,34,35,115,28,28,29,27,180,27,44,164,173,38,30,117
B. Bogdanovic - M. Hill,ATL,1,0,1,0.0,14.6,11.0,25.0,0.44,6.0,14.0,0.429,12.0,15.0,0.8,3.0,6.0,9.0,8.0,0.0,1.0,2.0,2.0,5.0,9.0,40.0,1.0,165,170,30,170,32,44,35,110,8,13,53,3,2,106,32,88,70,26,1,85,13,173,153,11,25,64
C. Capela - T. Luwawu-Cabarrot,ATL,17,8,9,0.471,14.4,12.9,27.5,0.469,3.6,10.4,0.352,5.4,7.1,0.752,4.0,11.1,15.1,7.5,3.9,2.1,1.5,1.5,5.4,5.6,34.8,0.0,59,58,147,113,33,28,29,84,44,35,136,39,36,145,20,26,23,31,175,26,36,161,167,40,33,94
D. Gallinari - D. Wright,ATL,43,23,20,0.535,14.1,11.6,24.8,0.468,4.2,10.5,0.399,5.3,6.5,0.811,2.5,9.6,12.1,7.1,3.3,2.2,1.3,1.1,5.4,6.7,32.7,1.0,8,3,194,62,34,38,37,85,29,32,71,41,40,100,49,36,36,33,169,24,53,147,168,24,38,70
T. Young - M. Hill,ATL,2,0,2,0.0,13.9,12.5,25.0,0.5,3.5,10.5,0.333,8.0,9.5,0.842,1.0,8.0,9.0,7.0,2.0,1.5,1.5,2.0,3.5,6.0,36.5,-1.5,135,170,74,170,35,29,35,41,46,31,148,15,17,76,124,54,70,34,103,57,37,173,118,31,28,150
C. Reddish - M. Hill,ATL,2,0,2,0.0,13.6,11.5,24.0,0.479,4.5,9.0,0.5,9.0,11.0,0.818,2.5,7.5,10.0,7.5,2.0,1.5,1.0,2.5,5.0,8.0,36.5,-1.5,135,170,74,170,38,40,40,72,24,42,24,8,8,93,50,64,59,29,103,57,62,193,153,15,28,150
T. Luwawu-Cabarrot - J. Collins,ATL,18,6,12,0.333,13.6,11.5,25.8,0.446,4.0,10.6,0.377,4.4,5.7,0.784,3.4,10.4,13.8,6.9,4.0,1.8,1.3,1.7,5.1,5.2,31.4,-1.8,55,66,157,147,37,40,33,104,32,29,103,58,60,122,27,31,30,38,177,41,52,167,162,47,43,156
W. Iwundu - O. Okongwu,ATL,1,1,0,1.0,13.6,8.0,19.0,0.421,1.0,5.0,0.2,7.0,8.0,0.875,3.0,8.0,11.0,2.0,9.0,3.0,2.0,2.0,3.0,4.0,24.0,-4.0,165,122,1,1,36,73,69,131,144,102,181,22,24,51,32,54,49,147,203,11,13,173,101,77,67,181
B. Bogdanovic - K. Huerter,ATL,32,17,15,0.531,13.5,12.3,25.1,0.489,3.7,9.7,0.383,4.5,5.3,0.841,2.5,9.7,12.2,7.4,3.3,2.0,1.2,1.4,4.9,5.1,32.8,1.8,20,19,178,64,39,33,34,62,42,39,97,57,66,78,57,35,35,32,167,37,56,158,152,48,37,45
D. Wright - O. Okongwu,ATL,26,13,13,0.5,13.4,11.4,24.1,0.473,3.8,10.0,0.381,5.3,6.3,0.83,3.0,9.6,12.6,6.8,3.5,2.2,1.4,1.3,6.0,5.8,31.8,2.9,30,29,167,75,40,42,39,77,40,37,98,42,42,85,31,37,34,41,171,25,45,153,174,39,41,29
J. Collins - S. Mays,ATL,3,1,2,0.333,13.4,9.3,22.3,0.418,2.0,6.3,0.316,1.3,2.0,0.667,2.7,10.7,13.3,4.0,4.7,1.0,1.7,2.0,4.3,2.0,22.0,-4.7,117,122,74,147,41,62,48,134,92,80,156,159,146,157,44,30,31,85,184,85,28,173,139,136,75,186
T. Luwawu-Cabarrot - T. Young,ATL,21,8,13,0.381,13.4,11.8,25.9,0.455,3.8,10.5,0.357,4.2,5.4,0.772,3.3,9.9,13.2,6.9,3.8,1.8,1.3,1.4,5.0,4.9,31.5,-2.2,47,58,167,138,42,35,32,96,41,30,127,66,64,134,29,34,32,39,173,47,51,159,153,60,42,165
D. Gallinari - O. Okongwu,ATL,21,11,10,0.524,13.3,11.7,23.4,0.498,4.1,10.0,0.408,5.4,6.8,0.803,2.2,9.4,11.7,7.0,3.1,2.2,1.1,1.0,6.3,6.0,32.9,3.4,47,41,149,67,43,37,42,54,31,36,61,37,38,104,63,39,41,34,164,22,57,125,179,31,35,24
D. Gallinari - K. Huerter,ATL,45,21,24,0.467,13.2,11.7,24.4,0.48,4.0,10.0,0.396,5.4,6.4,0.844,2.6,9.1,11.7,6.8,3.4,1.6,0.9,1.2,5.3,6.0,32.8,0.9,5,9,202,114,44,36,38,71,38,38,73,38,41,74,48,42,40,40,170,51,76,151,164,30,36,72
C. Reddish - O. Okongwu,ATL,6,2,4,0.333,12.9,10.2,22.8,0.445,2.3,7.7,0.304,5.3,6.2,0.865,2.7,9.3,12.0,6.0,3.5,0.8,1.5,0.8,5.3,4.7,28.0,-1.7,93,104,112,147,45,50,44,105,85,57,161,40,47,61,44,40,37,46,171,122,37,114,164,64,50,153
W. Iwundu - C. Oliver,ATL,2,1,1,0.5,12.8,12.5,22.5,0.556,4.5,9.0,0.5,6.0,7.5,0.8,2.5,6.0,8.5,6.0,1.5,1.5,1.5,1.5,7.0,5.5,35.5,1.5,135,122,30,75,46,29,46,26,24,42,24,32,33,106,50,88,80,46,70,57,37,162,184,41,32,52
D. Wright - W. Iwundu,ATL,1,1,0,1.0,12.7,6.0,20.0,0.3,1.0,7.0,0.143,9.0,10.0,0.9,3.0,8.0,11.0,4.0,5.0,2.0,0.0,2.0,1.0,7.0,22.0,-6.0,165,122,1,1,47,98,64,183,144,65,185,8,13,38,32,54,49,85,187,29,143,173,33,19,75,193
L. Williams - D. Gallinari,ATL,35,20,15,0.571,12.5,10.2,22.5,0.452,3.3,9.1,0.361,4.3,5.1,0.832,2.3,8.9,11.2,5.9,2.9,1.8,1.1,0.8,5.3,5.3,27.9,-0.3,16,12,178,51,49,49,47,98,50,40,125,64,68,84,60,46,46,51,155,43,61,111,163,44,52,114
S. Mays - C. Brown Jr.,ATL,3,1,2,0.333,12.5,10.0,23.3,0.429,3.0,9.0,0.333,4.3,4.7,0.929,2.0,8.0,10.0,5.3,2.3,0.7,0.7,1.3,5.7,4.3,27.3,-8.0,117,122,74,147,50,51,43,126,57,42,148,60,80,27,71,54,59,65,135,138,99,154,171,72,55,199
W. Iwundu - M. Hill,ATL,1,0,1,0.0,12.5,10.0,20.0,0.5,3.0,6.0,0.5,8.0,8.0,1.0,1.0,10.0,11.0,5.0,4.0,1.0,2.0,2.0,5.0,6.0,31.0,0.0,165,170,30,170,48,51,64,41,57,81,24,15,24,1,124,32,49,68,177,85,13,173,153,31,45,94
L. Williams - O. Okongwu,ATL,16,10,6,0.625,12.4,10.4,22.1,0.47,3.1,9.0,0.34,4.8,5.5,0.864,2.2,9.4,11.6,6.3,3.1,1.6,1.4,0.8,5.7,5.2,28.6,1.9,62,47,133,47,51,48,51,81,56,42,147,51,61,64,65,38,42,44,162,53,46,107,172,46,49,43
J. Collins - W. Iwundu,ATL,1,1,0,1.0,12.2,8.0,15.0,0.533,1.0,2.0,0.5,4.0,5.0,0.8,0.0,9.0,9.0,3.0,5.0,2.0,2.0,0.0,5.0,3.0,21.0,-3.0,165,122,1,1,52,73,85,30,144,171,24,69,71,106,178,43,70,121,187,29,13,1,153,108,82,174
L. Williams - C. Reddish,ATL,22,12,10,0.545,12.2,9.5,22.7,0.416,3.0,8.7,0.346,4.3,5.3,0.81,2.8,8.8,11.6,5.1,3.2,2.0,1.1,0.9,4.5,5.1,26.2,-2.0,45,35,149,58,53,59,45,140,57,49,142,63,67,101,41,47,43,67,166,39,59,119,143,49,59,162
W. Iwundu - C. Brown Jr.,ATL,2,1,1,0.5,12.1,9.0,20.5,0.439,4.0,9.0,0.444,8.0,10.5,0.762,2.5,8.5,11.0,4.0,1.5,1.0,2.0,2.0,6.0,6.5,30.0,5.5,135,122,30,75,55,65,58,113,32,42,44,15,10,142,50,51,49,85,70,85,13,173,175,26,47,10
W. Iwundu - S. Mays,ATL,3,2,1,0.667,12.1,11.3,22.3,0.507,4.0,8.0,0.5,4.0,4.0,1.0,3.0,7.3,10.3,6.0,2.3,2.7,1.3,2.0,5.3,4.0,30.7,3.3,117,104,30,39,54,43,48,39,32,54,24,69,95,1,32,68,57,46,135,18,47,173,164,77,46,26
D. Gallinari - T. Young,ATL,45,22,23,0.489,12.0,10.9,21.8,0.498,3.6,9.0,0.403,6.0,6.9,0.872,2.0,7.8,9.8,5.8,2.8,1.9,1.0,0.9,4.5,6.0,31.4,1.5,5,6,199,100,56,46,54,53,45,41,65,31,37,54,81,61,65,54,151,40,62,121,146,31,44,56
J. Collins - C. Reddish,ATL,28,13,15,0.464,11.8,9.3,21.3,0.435,2.5,7.4,0.343,4.6,6.0,0.768,2.6,8.5,11.2,5.4,2.9,1.4,1.3,1.5,4.4,5.3,25.6,-2.1,26,29,178,116,58,63,56,119,72,60,145,55,48,141,47,50,47,63,152,68,50,165,140,42,62,163
K. Huerter - O. Okongwu,ATL,22,10,12,0.455,11.8,9.8,21.8,0.45,3.4,8.8,0.387,4.6,5.8,0.803,2.8,8.3,11.1,6.5,2.9,1.7,1.0,1.0,4.6,5.3,27.7,1.0,45,47,157,121,57,53,53,100,49,48,82,52,58,103,41,53,48,43,154,49,74,122,149,43,53,64
C. Oliver - T. Young,ATL,2,1,1,0.5,11.7,12.5,22.0,0.568,4.0,9.0,0.444,3.5,3.5,1.0,2.0,7.0,9.0,7.5,1.5,1.5,1.0,1.0,4.5,3.5,32.5,1.5,135,122,30,75,60,29,52,23,32,42,44,80,109,1,71,74,70,29,70,57,62,125,144,96,39,52
L. Williams - B. Bogdanovic,ATL,11,6,5,0.545,11.7,10.8,20.5,0.529,3.2,8.2,0.389,4.4,5.1,0.857,1.6,9.2,10.8,6.3,2.5,1.6,1.1,0.6,4.5,4.6,29.2,4.9,70,66,124,58,59,47,59,32,54,51,76,59,69,70,90,41,56,45,141,52,59,96,147,65,48,17
L. Williams - D. Wright,ATL,34,22,12,0.647,11.6,9.4,20.4,0.462,3.2,8.5,0.377,3.8,4.7,0.813,2.2,7.9,10.1,5.7,2.9,1.8,1.2,0.7,4.7,5.0,25.9,0.1,19,6,157,45,61,60,60,88,53,50,102,76,79,97,66,60,58,56,153,44,55,104,151,50,60,93
C. Reddish - S. Mays,ATL,7,3,4,0.429,11.4,9.7,22.1,0.439,3.4,7.4,0.462,3.7,4.3,0.867,3.0,8.0,11.0,5.9,2.4,1.3,0.7,1.9,3.6,3.3,26.6,-2.1,87,90,112,131,62,54,50,114,48,58,39,79,92,58,32,54,49,52,138,73,98,170,122,105,58,163
J. Collins - O. Okongwu,ATL,15,6,9,0.4,11.1,8.7,19.8,0.438,2.5,7.1,0.346,3.9,4.6,0.841,2.3,9.0,11.3,5.4,3.1,1.1,1.5,1.1,4.4,4.6,23.7,0.7,64,66,147,135,63,68,66,116,78,62,141,74,82,79,62,43,45,64,163,82,35,146,142,68,68,76
K. Huerter - C. Reddish,ATL,26,12,14,0.462,11.1,8.9,20.9,0.427,2.2,7.2,0.306,3.3,4.2,0.78,2.4,8.9,11.3,4.5,3.0,1.5,0.8,1.1,4.6,4.2,23.3,-1.3,30,35,174,118,64,67,57,128,88,61,160,89,93,125,59,45,44,81,157,65,82,148,148,74,69,146
T. Young - O. Okongwu,ATL,21,10,11,0.476,11.1,9.6,20.2,0.474,3.1,8.1,0.386,4.6,5.4,0.858,2.1,7.8,9.9,5.5,3.0,1.8,1.0,0.9,4.2,4.7,26.9,1.0,47,47,153,109,65,56,62,76,55,53,85,54,65,68,70,62,63,62,156,47,75,120,134,63,57,71
C. Oliver - S. Mays,ATL,2,1,1,0.5,11.0,9.5,18.5,0.514,3.0,7.0,0.429,3.5,4.5,0.778,1.5,7.5,9.0,5.5,2.5,1.5,0.5,0.5,5.5,4.5,25.5,-4.0,135,122,30,75,66,57,70,38,57,65,53,80,84,126,95,64,70,58,142,57,114,72,169,69,63,181
D. Gallinari - B. Bogdanovic,ATL,30,16,14,0.533,11.0,9.6,19.5,0.494,3.2,8.2,0.396,5.1,5.8,0.869,1.8,7.6,9.4,5.8,2.4,1.8,0.8,1.0,4.3,5.2,27.6,2.0,21,22,174,63,67,55,67,57,52,52,74,44,57,57,84,63,68,55,139,41,88,123,137,45,54,37
B. Bogdanovic - D. Wright,ATL,26,14,12,0.538,10.9,9.1,19.4,0.47,2.9,7.8,0.369,4.2,5.0,0.837,2.5,7.5,10.0,5.5,2.6,2.0,0.9,1.1,4.4,4.6,25.3,0.8,30,25,157,60,68,64,68,82,66,56,113,68,76,80,50,64,59,57,148,38,77,148,141,66,64,73
T. Young - C. Reddish,ATL,30,13,17,0.433,10.8,8.6,20.3,0.426,2.4,7.1,0.344,5.0,5.8,0.861,2.5,7.4,9.9,4.6,2.5,1.8,0.9,1.2,4.3,4.7,24.7,-2.9,21,29,187,129,69,70,61,130,81,63,144,50,59,65,50,67,64,79,146,45,78,152,137,62,65,173
B. Bogdanovic - S. Mays,ATL,4,1,3,0.25,10.6,9.5,18.3,0.521,3.3,6.5,0.5,3.5,4.5,0.778,2.0,6.8,8.8,6.0,2.5,1.0,1.5,0.8,4.3,4.0,25.8,2.8,106,122,103,164,70,57,71,35,51,73,24,80,84,126,71,80,79,46,142,85,37,107,135,77,61,30
C. Capela - C. Reddish,ATL,30,13,17,0.433,10.6,8.4,20.1,0.418,2.5,6.9,0.369,3.9,4.9,0.795,2.5,7.2,9.7,4.7,2.4,1.8,1.0,1.1,3.8,4.2,23.2,-3.8,21,29,187,129,71,72,63,134,73,68,114,74,78,114,50,71,66,76,139,45,62,150,126,75,70,179
L. Stephenson - M. Hill,ATL,1,0,1,0.0,10.1,11.0,18.0,0.611,3.0,5.0,0.6,2.0,6.0,0.333,2.0,7.0,9.0,9.0,2.0,1.0,0.0,1.0,4.0,5.0,27.0,6.0,165,170,30,170,72,44,72,17,57,102,15,126,48,181,71,74,70,21,103,85,143,125,128,51,56,7
C. Capela - S. Mays,ATL,5,1,4,0.2,10.0,9.4,21.4,0.439,3.0,7.4,0.405,2.8,3.2,0.875,2.8,6.2,9.0,5.8,1.2,1.6,0.6,1.6,3.0,3.0,24.6,-2.6,100,122,112,168,73,61,55,112,57,59,64,106,115,51,43,86,70,53,57,55,104,166,101,108,66,169
D. Hunter - O. Okongwu,ATL,18,10,8,0.556,9.9,7.9,17.2,0.461,2.8,6.8,0.418,4.2,4.9,0.843,2.1,6.8,8.9,4.9,3.0,1.4,0.8,0.8,3.6,4.6,22.9,0.4,55,47,141,55,74,79,73,89,67,69,59,67,77,75,69,79,77,74,158,66,86,114,124,67,73,82
C. Oliver - C. Brown Jr.,ATL,2,1,1,0.5,9.6,8.0,16.0,0.5,2.5,6.5,0.385,3.0,5.5,0.545,1.0,6.5,7.5,5.5,1.5,1.0,0.5,0.5,6.5,3.5,21.5,-1.0,135,122,30,75,76,73,77,41,74,73,88,92,61,166,124,83,89,58,70,85,114,72,181,96,78,134
G. Dieng - W. Iwundu,ATL,1,1,0,1.0,9.6,5.0,14.0,0.357,1.0,5.0,0.2,5.0,5.0,1.0,0.0,7.0,7.0,4.0,2.0,1.0,0.0,0.0,5.0,5.0,16.0,-5.0,165,122,1,1,75,112,93,171,144,102,181,45,71,1,178,74,97,85,103,85,143,1,153,51,107,187
L. Stephenson - S. Cooper,ATL,1,0,1,0.0,9.4,4.0,16.0,0.25,2.0,4.0,0.5,3.0,6.0,0.5,1.0,6.0,7.0,3.0,1.0,0.0,0.0,1.0,3.0,4.0,13.0,-8.0,165,170,30,170,77,137,77,190,92,127,24,92,48,167,124,88,97,121,33,184,143,125,101,77,125,199
D. Gallinari - T. Luwawu-Cabarrot,ATL,18,6,12,0.333,9.3,7.8,16.6,0.47,2.5,7.1,0.354,3.3,4.0,0.819,1.4,6.1,7.5,4.6,2.5,1.6,0.8,0.4,3.8,3.6,21.3,-1.8,55,66,157,147,78,81,75,83,74,64,131,88,95,92,106,87,89,78,142,54,92,63,127,94,80,155
D. Gallinari - J. Collins,ATL,39,19,20,0.487,9.2,7.9,16.1,0.491,2.4,6.4,0.375,4.2,5.0,0.842,1.3,5.9,7.3,4.7,2.0,1.1,0.7,0.8,3.2,4.9,22.5,0.1,11,15,194,101,79,80,76,61,82,79,107,65,70,77,112,93,94,76,103,83,97,117,108,61,74,90
L. Stephenson - C. Oliver,ATL,2,1,1,0.5,9.1,8.5,15.0,0.567,2.5,4.5,0.556,2.5,6.0,0.417,1.0,6.0,7.0,5.5,1.5,1.5,0.0,0.5,4.5,4.5,22.0,1.5,135,122,30,75,81,71,85,24,74,120,20,113,48,177,124,88,97,58,70,57,143,72,144,69,75,52
L. Williams - S. Hill,ATL,4,2,2,0.5,9.1,5.8,14.8,0.39,3.0,6.5,0.462,5.5,6.3,0.88,2.5,8.5,11.0,3.3,3.3,1.3,0.3,1.0,2.8,5.0,20.0,6.3,106,104,74,75,80,105,90,159,57,73,39,35,45,48,50,51,49,113,167,77,139,125,96,51,86,6
D. Gallinari - C. Capela,ATL,37,19,18,0.514,8.9,7.7,16.8,0.458,2.5,6.5,0.381,3.4,4.0,0.858,1.9,6.3,8.1,4.1,2.1,1.4,0.7,0.7,3.3,3.6,21.2,0.0,13,15,190,72,82,82,74,90,80,77,99,85,95,69,82,85,83,84,124,67,94,103,116,93,81,94
G. Dieng - C. Reddish,ATL,23,11,12,0.478,8.8,6.3,15.9,0.393,2.3,6.7,0.348,2.8,3.2,0.865,2.4,6.9,9.3,3.7,2.8,1.3,0.8,0.8,3.3,3.1,17.7,-1.2,44,41,157,107,83,94,82,154,84,70,139,107,114,61,58,77,69,98,150,71,91,112,113,107,95,142
L. Stephenson - G. Dieng,ATL,4,1,3,0.25,8.7,6.5,16.0,0.406,1.8,5.8,0.304,1.8,2.0,0.875,1.0,6.8,7.8,4.8,2.3,0.5,0.0,1.0,3.3,2.5,16.5,-4.0,106,122,103,164,84,89,77,147,117,86,161,146,146,51,124,80,86,75,132,148,143,125,111,122,103,181
S. Hill - K. Huerter,ATL,9,3,6,0.333,8.6,6.8,14.9,0.455,2.8,6.4,0.431,3.8,4.3,0.872,1.7,7.1,8.8,4.0,2.1,1.1,0.9,0.3,3.6,3.7,20.1,1.2,76,90,133,147,85,86,87,93,68,78,52,77,90,54,88,73,78,85,125,84,79,51,121,90,85,61
L. Stephenson - J. Johnson,ATL,3,1,2,0.333,8.5,4.3,14.7,0.295,1.3,6.0,0.222,2.3,3.7,0.636,0.7,7.3,8.0,3.0,1.7,0.7,0.0,0.7,3.0,2.7,12.3,-5.3,117,122,74,147,86,131,91,184,135,81,178,117,107,162,152,68,85,121,86,138,143,97,101,120,132,190
D. Wright - K. Huerter,ATL,39,20,19,0.513,8.4,7.0,14.8,0.475,2.5,5.8,0.425,3.2,4.0,0.8,1.7,6.3,8.0,4.6,2.1,1.4,0.6,0.7,3.2,3.8,19.7,1.5,11,12,192,73,87,83,89,75,79,85,57,91,103,106,87,84,84,80,123,70,102,106,108,86,88,51
D. Wright - K. Knox II,ATL,5,5,0,1.0,8.3,6.2,14.8,0.419,2.0,6.6,0.303,4.0,4.6,0.87,2.2,7.2,9.4,5.0,3.0,1.0,1.6,0.2,3.6,3.8,18.4,0.2,100,74,1,1,88,96,88,133,92,71,163,69,82,56,64,72,67,68,158,85,31,38,123,87,91,87
S. Hill - C. Reddish,ATL,7,4,3,0.571,8.3,6.0,15.3,0.393,2.3,6.6,0.348,2.7,3.0,0.905,2.3,8.6,10.9,4.0,3.1,1.6,0.4,1.0,3.3,2.6,17.0,2.6,87,82,103,51,89,98,83,155,86,72,140,109,119,36,60,49,55,85,164,56,123,125,114,121,98,31
B. Bogdanovic - C. Reddish,ATL,25,12,13,0.48,8.2,6.3,15.1,0.416,2.0,5.7,0.343,3.4,4.1,0.824,2.2,5.4,7.6,3.9,2.2,1.3,0.8,1.0,3.0,3.5,17.9,-3.2,35,35,167,104,91,93,84,138,106,87,146,87,94,88,67,105,88,96,130,75,84,145,100,101,94,178
C. Capela - M. Hill,ATL,2,0,2,0.0,8.2,8.0,16.0,0.5,2.0,5.5,0.364,5.0,6.0,0.833,0.5,5.5,6.0,4.0,1.0,1.5,0.0,1.5,2.0,4.0,23.0,0.0,135,170,74,170,90,73,77,41,92,90,120,45,48,81,158,101,113,85,33,57,143,162,66,77,71,94
W. Iwundu - C. Reddish,ATL,3,2,1,0.667,8.1,5.0,16.0,0.313,2.0,5.7,0.353,4.3,4.3,1.0,3.0,4.0,7.0,3.3,2.7,2.0,0.3,1.3,2.3,3.3,16.3,-5.7,117,104,30,39,92,112,77,181,92,88,133,60,90,1,32,130,97,110,149,29,128,154,79,103,105,191
D. Wright - J. Collins,ATL,42,21,21,0.5,8.0,6.1,13.8,0.441,1.8,5.1,0.362,2.9,3.7,0.781,1.5,5.7,7.2,3.8,1.8,1.3,0.8,1.0,2.6,3.7,16.9,-0.6,9,9,196,75,93,97,95,107,110,101,124,104,106,124,94,97,96,97,95,73,90,124,93,90,100,126
S. Mays - M. Hill,ATL,3,0,3,0.0,7.7,8.7,14.0,0.619,3.0,4.0,0.75,2.7,3.7,0.727,1.3,4.7,6.0,5.3,2.0,1.0,0.7,0.7,2.0,2.3,23.0,3.7,117,170,103,170,94,68,93,16,57,127,9,110,107,153,108,118,113,65,103,85,99,97,66,131,71,23
K. Knox II - O. Okongwu,ATL,3,3,0,1.0,7.5,5.0,14.7,0.341,0.7,6.0,0.111,4.0,5.0,0.8,2.7,7.3,10.0,4.0,1.3,0.7,1.7,0.7,3.7,4.3,14.7,-1.7,117,90,1,1,95,112,91,178,180,81,187,69,71,106,44,68,59,85,65,138,28,97,125,72,113,153
L. Stephenson - J. Collins,ATL,3,1,2,0.333,7.5,6.0,12.0,0.5,3.0,5.0,0.6,5.0,6.3,0.789,1.3,6.0,7.3,3.3,1.7,1.0,1.3,0.7,4.7,5.0,20.0,9.7,117,122,74,147,96,98,111,41,57,102,15,45,43,118,108,88,92,110,86,85,47,97,150,51,86,1
S. Hill - J. Collins,ATL,8,3,5,0.375,7.5,6.8,12.6,0.535,2.8,5.1,0.537,3.0,3.8,0.8,1.1,5.6,6.8,4.0,1.5,0.9,1.1,0.5,2.9,4.1,19.3,3.4,80,90,124,139,97,87,105,29,69,100,21,92,105,106,119,98,105,85,70,116,58,72,99,76,90,25
D. Gallinari - D. Hunter,ATL,25,12,13,0.48,7.4,6.6,12.6,0.525,2.4,5.4,0.444,3.8,4.4,0.847,1.0,4.8,5.8,3.7,1.9,0.9,0.8,0.8,3.5,3.8,19.4,1.6,35,35,167,104,98,88,104,33,83,92,44,78,89,71,124,116,118,99,100,115,84,110,120,84,89,49
L. Williams - C. Capela,ATL,26,15,11,0.577,7.4,6.2,13.7,0.455,1.8,4.9,0.362,2.4,3.0,0.818,1.6,5.7,7.3,3.5,1.5,1.2,0.8,0.5,2.5,2.7,16.7,1.3,30,23,153,50,99,95,96,95,116,110,123,115,124,93,93,96,93,101,70,80,82,72,87,118,102,58
L. Williams - T. Luwawu-Cabarrot,ATL,8,3,5,0.375,7.3,5.1,12.5,0.41,1.4,5.4,0.256,2.0,2.8,0.727,1.3,5.6,6.9,2.8,2.0,0.8,1.0,0.4,3.4,2.4,13.6,-1.4,80,90,124,139,100,109,106,146,132,93,173,126,126,153,114,98,102,132,103,128,62,60,117,128,122,147
C. Brown Jr. - M. Hill,ATL,2,0,2,0.0,7.2,7.0,13.5,0.519,2.5,6.5,0.385,1.0,2.0,0.5,1.0,4.5,5.5,5.5,1.5,0.5,0.5,0.5,2.5,1.5,17.5,0.5,135,170,74,170,103,84,97,36,74,73,88,166,146,167,124,123,124,58,70,148,114,72,88,154,96,79
C. Capela - D. Wright,ATL,35,20,15,0.571,7.2,5.7,12.4,0.455,1.7,4.6,0.377,2.4,3.0,0.79,1.4,5.4,6.8,3.4,2.0,1.2,0.6,0.5,2.3,2.7,15.4,-0.5,16,12,178,51,104,107,107,94,120,119,104,116,119,117,104,104,103,108,103,79,104,88,81,119,110,122
S. Hill - C. Capela,ATL,7,3,4,0.429,7.2,5.7,13.0,0.44,2.1,4.7,0.455,2.6,3.1,0.818,2.1,4.9,7.0,3.1,1.9,1.1,0.9,0.4,3.3,3.0,16.1,-1.3,87,90,112,131,101,106,100,111,91,116,43,112,117,93,68,114,97,116,99,81,81,67,114,108,106,145
S. Hill - T. Young,ATL,9,4,5,0.444,7.2,6.4,12.8,0.504,2.6,5.0,0.511,2.9,3.3,0.867,1.4,5.3,6.8,3.7,1.8,1.0,0.9,0.4,3.2,3.3,18.3,1.8,76,82,124,123,102,92,102,40,71,102,23,103,111,58,100,107,104,100,94,85,79,69,110,103,92,44
C. Oliver - C. Reddish,ATL,1,0,1,0.0,7.0,5.0,10.0,0.5,2.0,2.0,1.0,2.0,4.0,0.5,1.0,5.0,6.0,3.0,3.0,1.0,1.0,1.0,3.0,3.0,14.0,-5.0,165,170,30,170,105,112,129,41,92,171,1,126,95,167,124,109,113,121,158,85,62,125,101,108,117,187
L. Williams - K. Knox II,ATL,4,4,0,1.0,7.0,6.0,12.8,0.471,1.5,5.0,0.3,3.3,4.0,0.813,1.5,5.8,7.3,5.0,1.3,0.8,1.5,0.3,3.3,3.8,16.8,1.3,106,82,1,1,106,98,103,79,127,102,164,90,95,97,95,95,95,68,59,128,37,42,111,88,101,60
O. Okongwu - S. Mays,ATL,8,3,5,0.375,7.0,5.4,12.4,0.434,1.8,5.3,0.333,2.1,2.4,0.895,1.8,5.6,7.4,2.9,2.4,0.9,0.6,1.0,2.6,1.5,14.6,2.0,80,90,124,139,107,108,108,120,117,97,148,123,138,42,85,98,91,131,137,116,103,125,92,154,114,37
S. Hill - D. Wright,ATL,11,5,6,0.455,7.0,4.5,11.8,0.385,2.0,5.2,0.386,2.9,3.4,0.865,1.7,6.5,8.3,3.0,2.3,1.3,0.5,0.7,2.1,3.2,14.0,2.2,70,74,133,121,108,124,116,161,92,98,85,102,110,61,86,82,82,121,134,76,122,105,75,106,117,35
D. Wright - T. Young,ATL,27,15,12,0.556,6.9,5.8,12.1,0.48,2.1,5.3,0.406,3.4,4.0,0.86,1.1,4.5,5.6,3.1,1.6,1.4,0.5,0.6,2.4,3.5,17.2,0.7,28,23,157,55,109,104,110,70,90,96,63,86,104,66,120,122,121,118,83,69,113,91,83,95,97,76
B. Bogdanovic - T. Luwawu-Cabarrot,ATL,6,2,4,0.333,6.8,6.0,13.3,0.45,2.2,5.3,0.406,1.8,3.0,0.611,1.8,5.8,7.7,3.5,2.2,1.3,0.3,0.8,2.2,3.8,16.0,-0.2,93,104,112,147,111,98,98,100,89,94,62,144,119,165,83,94,87,101,131,72,128,114,77,85,107,112
G. Dieng - C. Brown Jr.,ATL,1,0,1,0.0,6.8,7.0,12.0,0.583,2.0,5.0,0.4,2.0,2.0,1.0,1.0,3.0,4.0,4.0,0.0,0.0,0.0,0.0,2.0,2.0,18.0,-3.0,165,170,30,170,110,84,111,20,92,102,66,126,146,1,124,145,146,85,1,184,143,1,66,136,93,174
C. Barber - C. Brown Jr.,ATL,1,0,1,0.0,6.7,8.0,12.0,0.667,2.0,3.0,0.667,3.0,8.0,0.375,2.0,3.0,5.0,5.0,0.0,1.0,0.0,1.0,4.0,5.0,21.0,9.0,165,170,30,170,112,73,111,9,92,148,11,92,24,178,71,145,131,68,1,85,143,125,128,51,82,2
C. Barber - C. Oliver,ATL,1,0,1,0.0,6.7,8.0,12.0,0.667,2.0,3.0,0.667,3.0,8.0,0.375,2.0,3.0,5.0,5.0,0.0,1.0,0.0,1.0,4.0,5.0,21.0,9.0,165,170,30,170,112,73,111,9,92,148,11,92,24,178,71,145,131,68,1,85,143,125,128,51,82,2
C. Reddish - D. Hunter,ATL,8,3,5,0.375,6.7,5.1,13.1,0.39,1.4,4.9,0.282,2.8,3.1,0.88,2.0,4.3,6.3,3.1,1.4,0.4,0.3,0.4,3.0,3.5,14.4,-4.4,80,90,124,139,115,109,99,158,132,111,170,108,118,48,71,127,110,117,67,170,139,60,101,96,115,185
G. Dieng - M. Hill,ATL,2,0,2,0.0,6.7,6.5,11.5,0.565,3.5,6.0,0.583,5.0,5.5,0.909,1.5,2.5,4.0,5.0,1.0,0.5,1.0,0.5,2.0,3.5,21.5,5.5,135,170,74,170,112,89,117,25,46,81,19,45,61,34,95,160,146,68,33,148,62,72,66,96,78,10
G. Dieng - S. Hill,ATL,8,4,4,0.5,6.7,5.0,12.1,0.412,2.3,5.6,0.4,2.9,3.3,0.885,1.6,6.9,8.5,3.4,2.1,1.5,0.4,0.5,1.9,2.8,15.1,5.3,80,82,112,75,116,112,109,143,87,89,66,105,113,45,91,78,80,109,126,57,127,72,64,117,111,12
L. Stephenson - B. Bogdanovic,ATL,4,1,3,0.25,6.6,4.3,10.5,0.405,1.8,4.5,0.389,3.5,4.5,0.778,0.8,5.0,5.8,2.5,1.5,0.8,0.0,0.0,2.5,3.8,13.8,2.0,106,122,103,164,118,134,123,148,117,120,76,80,84,126,151,109,119,136,70,128,143,1,88,88,120,37
L. Stephenson - C. Brown Jr.,ATL,2,1,1,0.5,6.6,6.5,12.0,0.542,2.0,4.0,0.5,1.5,4.0,0.375,1.0,4.5,5.5,4.5,0.5,1.0,0.0,0.5,4.0,3.0,16.5,2.5,135,122,30,75,117,89,111,28,92,127,24,153,95,178,124,123,124,82,15,85,143,72,128,108,103,32
D. Wright - T. Luwawu-Cabarrot,ATL,24,11,13,0.458,6.5,4.8,10.4,0.466,1.8,4.7,0.384,2.6,3.2,0.829,1.0,4.6,5.6,3.2,2.3,1.2,0.5,0.4,2.7,2.4,14.1,-0.5,41,41,167,120,119,122,124,87,115,117,93,111,116,86,124,119,122,115,132,78,110,66,94,128,116,119
T. Luwawu-Cabarrot - O. Okongwu,ATL,11,4,7,0.364,6.4,5.1,10.8,0.471,1.9,5.2,0.368,1.6,2.2,0.75,1.3,5.4,6.6,3.0,2.5,0.8,0.7,0.5,2.8,1.7,13.7,1.6,70,82,138,146,120,111,120,79,108,98,115,150,144,146,113,106,106,121,147,124,95,89,98,148,121,48
L. Stephenson - C. Reddish,ATL,5,1,4,0.2,6.3,4.8,10.8,0.444,1.8,3.8,0.474,2.2,2.8,0.786,1.0,5.0,6.0,3.0,2.0,0.4,0.8,0.8,2.4,2.0,13.6,-0.6,100,122,112,168,121,123,121,106,114,136,38,120,125,121,124,109,113,121,103,168,88,113,84,136,123,127
D. Gallinari - S. Hill,ATL,7,2,5,0.286,6.2,3.7,9.9,0.377,1.7,3.7,0.462,3.0,3.3,0.913,1.4,4.9,6.3,2.3,2.1,0.9,0.3,0.6,2.0,3.4,12.1,-0.1,87,104,124,162,122,145,134,166,121,140,39,92,112,33,101,114,109,144,128,118,135,92,66,102,134,111
G. Dieng - D. Wright,ATL,29,14,15,0.483,6.2,4.4,10.7,0.413,1.9,4.9,0.397,2.1,2.6,0.816,1.3,4.4,5.7,3.0,2.1,1.0,0.7,0.5,2.3,2.4,12.9,-0.9,24,25,178,102,123,130,122,142,107,112,72,122,129,96,107,126,120,120,127,114,96,71,78,127,130,132
D. Gallinari - K. Knox II,ATL,2,2,0,1.0,6.1,5.0,13.0,0.385,1.0,5.5,0.182,3.0,4.0,0.75,1.0,5.5,6.5,4.5,0.5,0.5,1.5,0.0,4.0,3.5,14.0,0.0,135,104,1,1,125,112,100,161,144,90,184,92,95,146,124,101,107,82,15,148,37,1,128,96,117,94
D. Wright - S. Mays,ATL,14,6,8,0.429,6.1,4.5,10.9,0.412,1.7,4.9,0.353,2.1,2.5,0.829,1.4,4.7,6.1,3.1,2.1,0.7,0.5,0.9,1.9,1.8,12.8,-0.4,66,66,141,131,124,126,119,144,121,113,133,125,131,87,101,117,111,119,128,134,114,118,63,144,131,116
G. Dieng - J. Collins,ATL,11,3,8,0.273,6.0,4.3,9.9,0.431,1.1,3.7,0.293,1.5,1.9,0.762,1.1,4.2,5.3,3.0,2.1,0.7,0.8,0.5,2.5,2.2,11.1,-2.6,70,90,141,163,126,133,133,123,143,138,166,156,156,142,122,129,128,121,122,133,87,89,86,134,140,170
G. Dieng - S. Mays,ATL,13,6,7,0.462,6.0,4.5,10.2,0.447,1.8,4.8,0.387,2.1,2.7,0.771,1.2,4.0,5.2,3.2,2.0,0.7,0.4,0.2,1.6,2.4,13.0,-1.8,68,66,138,118,127,125,128,103,109,114,81,124,128,137,117,130,130,114,103,137,125,36,59,126,125,157
G. Dieng - K. Huerter,ATL,19,6,13,0.316,5.8,4.3,10.4,0.416,1.6,4.4,0.373,1.8,2.2,0.81,1.2,4.9,6.1,2.6,1.7,0.7,0.6,0.3,2.1,2.1,12.1,1.3,53,66,167,161,128,132,125,139,125,125,108,145,143,102,116,113,112,135,91,132,108,50,76,135,135,59
L. Stephenson - D. Wright,ATL,3,1,2,0.333,5.8,5.0,10.0,0.5,2.7,5.0,0.533,4.3,4.7,0.929,1.0,5.3,6.3,3.3,1.7,0.7,1.3,0.7,3.0,3.7,17.0,8.0,117,122,74,147,129,112,129,41,70,102,22,60,80,27,124,107,108,110,86,138,47,97,101,90,98,4
L. Stephenson - S. Mays,ATL,5,2,3,0.4,5.8,4.0,9.6,0.417,1.0,3.8,0.263,1.0,1.6,0.625,0.2,4.6,4.8,2.4,1.2,0.6,0.0,0.2,2.8,2.0,10.0,-3.8,100,104,103,135,130,137,135,136,144,136,171,166,165,164,173,120,136,138,57,145,143,38,97,136,143,179
L. Williams - K. Huerter,ATL,25,11,14,0.44,5.8,5.0,11.3,0.438,1.5,4.4,0.345,2.0,2.3,0.86,1.4,4.5,5.9,2.9,1.3,0.8,0.4,0.4,2.4,2.2,13.4,0.3,35,41,174,127,132,121,118,115,126,124,143,138,140,67,104,121,117,130,62,125,124,59,82,133,124,84
L. Williams - S. Mays,ATL,3,2,1,0.667,5.8,2.7,9.3,0.286,1.0,5.3,0.188,2.0,2.0,1.0,0.7,4.0,4.7,1.7,1.7,0.3,0.3,0.3,5.0,1.3,8.3,-7.0,117,104,30,39,131,156,136,186,144,94,183,126,146,1,152,130,137,164,86,174,128,51,153,158,154,197
D. Gallinari - G. Dieng,ATL,21,10,11,0.476,5.7,4.1,10.2,0.402,1.8,4.7,0.388,2.2,2.4,0.902,1.4,3.8,5.2,2.3,1.6,0.9,0.6,0.3,2.4,2.4,12.2,-0.7,47,47,153,109,134,135,127,151,113,117,79,121,136,37,101,136,129,141,84,118,109,51,85,125,133,129
D. Wright - D. Hunter,ATL,21,11,10,0.524,5.7,4.0,9.3,0.431,1.3,4.0,0.325,2.0,2.4,0.82,1.1,3.9,5.0,2.4,2.0,0.9,0.4,0.5,2.0,2.5,11.2,-2.7,47,41,149,67,133,137,137,124,136,132,154,139,137,91,121,135,134,139,102,118,126,70,66,124,139,171
L. Williams - G. Dieng,ATL,17,9,8,0.529,5.6,4.1,10.4,0.392,1.8,4.8,0.383,2.0,2.2,0.895,1.6,4.0,5.6,2.4,1.8,0.7,0.5,0.4,2.7,2.4,11.9,-1.6,59,54,141,65,135,136,126,156,112,115,96,126,142,42,92,130,123,140,92,136,112,65,95,130,136,152
L. Stephenson - C. Barber,ATL,2,0,2,0.0,5.5,6.0,10.0,0.6,1.5,2.0,0.75,2.0,4.5,0.444,1.5,2.5,4.0,3.5,1.0,0.5,0.0,0.5,2.5,3.0,15.5,3.0,135,170,74,170,136,98,129,18,127,171,9,126,84,176,95,160,146,101,33,148,143,72,88,108,109,27
J. Collins - S. Cooper,ATL,1,0,1,0.0,5.4,2.0,7.0,0.286,1.0,3.0,0.333,3.0,6.0,0.5,1.0,3.0,4.0,1.0,1.0,0.0,0.0,0.0,2.0,4.0,8.0,-2.0,165,170,30,170,137,169,151,186,144,148,148,92,48,167,124,145,146,180,33,184,143,1,66,77,156,159
L. Williams - L. Stephenson,ATL,1,1,0,1.0,5.4,4.0,10.0,0.4,1.0,3.0,0.333,0.0,0.0,0.0,0.0,5.0,5.0,2.0,1.0,1.0,0.0,0.0,4.0,1.0,9.0,-5.0,165,122,1,1,138,137,129,152,144,148,148,183,184,183,178,109,131,147,33,85,143,1,128,164,150,187
K. Huerter - K. Knox II,ATL,2,2,0,1.0,5.3,4.5,8.5,0.529,2.0,4.5,0.444,2.0,2.0,1.0,1.0,3.5,4.5,3.5,1.0,0.5,0.0,0.5,1.0,2.0,13.0,2.0,135,104,1,1,139,126,141,31,92,120,44,126,146,1,124,140,139,101,33,148,143,72,33,136,125,37
C. Capela - K. Knox II,ATL,2,2,0,1.0,5.2,4.5,6.0,0.75,1.5,2.5,0.6,2.5,2.5,1.0,0.0,5.5,5.5,3.5,3.0,1.0,0.0,0.0,1.5,1.5,13.0,4.5,135,104,1,1,140,126,164,7,127,161,15,113,131,1,178,101,124,101,158,85,143,1,53,154,125,18
G. Dieng - J. Johnson,ATL,9,5,4,0.556,5.2,3.2,8.7,0.372,1.1,3.9,0.286,1.9,2.4,0.773,0.7,4.2,4.9,2.4,1.9,0.7,0.0,0.2,1.4,1.7,9.4,-2.6,76,74,112,55,141,150,140,169,142,133,167,142,134,132,152,128,135,137,101,138,143,40,51,149,147,168
L. Williams - J. Collins,ATL,25,13,12,0.52,5.0,4.0,8.8,0.457,1.4,3.7,0.366,1.9,2.4,0.77,0.8,3.6,4.4,2.6,1.0,0.8,0.6,0.3,1.8,2.5,11.2,-0.4,35,29,157,70,142,137,139,91,134,139,119,143,135,138,150,138,143,134,55,121,104,48,61,123,138,118
D. Gallinari - S. Mays,ATL,2,1,1,0.5,4.9,2.0,7.5,0.267,1.0,4.5,0.222,2.0,2.0,1.0,1.5,2.5,4.0,2.0,1.5,1.0,0.0,0.5,2.5,1.0,7.0,-6.5,135,122,30,75,143,169,148,189,144,120,178,126,146,1,95,160,146,147,70,85,143,72,88,164,163,195
G. Dieng - B. Bogdanovic,ATL,15,7,8,0.467,4.9,4.0,8.9,0.451,1.3,3.5,0.358,2.3,2.5,0.921,1.1,2.9,4.1,2.7,0.8,0.6,0.3,0.3,1.5,2.3,11.6,0.5,64,63,141,114,144,137,138,99,138,141,126,117,130,30,118,152,145,133,26,145,138,46,57,131,137,81
B. Bogdanovic - K. Knox II,ATL,2,1,1,0.5,4.6,5.0,8.0,0.625,1.5,2.5,0.6,3.5,4.5,0.778,0.5,4.0,4.5,3.5,0.5,0.5,1.0,0.0,1.5,4.5,15.0,4.5,135,122,30,75,146,112,143,14,127,161,15,80,84,126,158,130,139,101,15,148,62,1,53,69,112,18
C. Reddish - S. Cooper,ATL,3,2,1,0.667,4.6,2.3,7.3,0.318,0.7,2.3,0.286,0.0,0.0,0.0,0.0,3.0,3.0,2.0,1.3,0.3,0.0,0.3,2.3,0.7,5.3,-8.7,117,104,30,39,145,165,150,180,180,167,167,183,184,183,178,145,163,147,65,174,143,51,79,181,177,201
L. Williams - T. Young,ATL,24,17,7,0.708,4.4,3.8,8.5,0.448,1.2,3.3,0.354,2.3,2.5,0.915,1.1,3.5,4.5,2.1,0.8,0.8,0.5,0.3,1.9,1.8,11.0,1.1,41,19,138,37,148,144,142,102,140,144,130,119,133,32,123,143,138,145,28,128,110,42,64,143,141,62
T. Luwawu-Cabarrot - C. Reddish,ATL,11,7,4,0.636,4.4,3.2,7.7,0.412,0.8,3.2,0.257,1.5,2.3,0.68,0.8,2.9,3.7,1.7,1.2,0.6,0.3,0.2,1.8,1.6,8.7,-3.0,70,63,112,46,147,151,146,144,174,146,172,152,141,156,147,153,156,163,56,144,137,37,62,152,152,174
G. Dieng - T. Young,ATL,21,10,11,0.476,4.3,3.3,7.6,0.44,1.3,3.5,0.37,2.0,2.1,0.932,0.8,2.8,3.5,2.0,0.9,0.8,0.5,0.1,1.6,1.8,9.9,0.8,47,47,153,109,149,149,147,109,136,143,112,139,145,26,149,154,158,160,32,127,121,34,60,146,146,74
B. Bogdanovic - C. Barber,ATL,1,0,1,0.0,4.2,4.0,8.0,0.5,1.0,1.0,1.0,1.0,1.0,1.0,1.0,2.0,3.0,2.0,2.0,0.0,0.0,0.0,1.0,1.0,10.0,-3.0,165,170,30,170,150,137,143,41,144,182,1,166,171,1,124,169,163,147,103,184,143,1,33,164,143,174
L. Stephenson - O. Okongwu,ATL,2,1,1,0.5,4.2,2.5,6.0,0.417,1.5,3.0,0.5,4.5,5.0,0.9,0.0,4.5,4.5,1.5,0.5,0.0,1.5,0.0,3.5,4.0,11.0,6.0,135,122,30,75,151,159,164,136,127,148,24,56,71,38,178,123,139,169,15,184,37,1,118,77,141,7
B. Bogdanovic - J. Johnson,ATL,4,2,2,0.5,4.0,2.3,6.8,0.333,0.8,3.0,0.25,1.8,2.8,0.636,0.3,3.5,3.8,1.3,0.5,0.5,0.0,0.0,1.5,1.8,7.0,0.3,106,104,74,75,153,167,158,179,175,148,174,146,126,162,169,140,155,178,15,148,143,1,53,147,163,85
G. Dieng - K. Knox II,ATL,6,5,1,0.833,4.0,2.8,7.5,0.378,1.8,4.2,0.44,1.5,2.0,0.75,1.2,2.7,3.8,2.3,1.8,0.5,0.7,0.0,1.2,2.0,9.0,-1.0,93,74,30,30,154,155,148,165,110,126,48,153,146,146,115,156,154,141,95,148,99,1,45,136,150,134
K. Huerter - S. Mays,ATL,3,1,2,0.333,4.0,3.7,7.0,0.524,0.7,2.7,0.25,1.3,1.7,0.8,1.0,2.0,3.0,2.3,1.0,1.0,0.0,0.0,1.3,1.0,9.3,0.0,117,122,74,147,152,146,151,34,180,159,174,159,160,106,124,169,163,141,33,85,143,1,49,164,148,94
G. Dieng - S. Cooper,ATL,5,2,3,0.4,3.8,1.8,6.2,0.29,0.6,2.8,0.214,0.4,0.4,1.0,0.2,1.8,2.0,1.4,1.6,0.4,0.0,0.6,1.2,0.8,4.6,-6.2,100,104,103,135,155,178,162,185,184,155,180,180,182,1,173,178,177,174,85,168,143,94,47,177,183,194
G. Dieng - T. Luwawu-Cabarrot,ATL,17,9,8,0.529,3.8,2.6,6.1,0.427,1.2,2.8,0.426,1.9,2.3,0.846,0.6,2.6,3.3,1.9,1.8,0.8,0.3,0.2,1.2,1.8,8.3,-0.5,59,54,141,65,157,158,163,129,139,156,56,141,139,72,156,157,161,161,92,123,134,41,46,145,155,120
K. Knox II - J. Johnson,ATL,3,3,0,1.0,3.8,1.3,7.0,0.19,1.0,4.0,0.25,1.3,2.0,0.667,1.7,3.7,5.3,1.3,2.0,0.3,0.3,0.3,1.0,1.0,5.0,-4.0,117,90,1,1,158,185,151,196,144,127,174,159,146,157,88,137,127,175,103,174,128,51,33,164,179,181
S. Mays - J. Johnson,ATL,13,9,4,0.692,3.8,2.6,6.5,0.405,1.0,3.2,0.31,1.3,1.7,0.773,0.5,3.5,4.0,2.1,1.5,0.5,0.0,0.3,1.0,1.2,7.5,-0.5,68,54,112,38,156,157,160,148,144,145,159,163,159,132,166,139,146,146,82,147,143,49,33,162,160,125
T. Luwawu-Cabarrot - K. Knox II,ATL,6,5,1,0.833,3.8,2.5,7.0,0.357,1.7,3.8,0.435,1.0,1.5,0.667,1.3,3.2,4.5,2.0,1.8,0.5,0.5,0.0,1.0,1.7,7.7,-0.5,93,74,30,30,159,159,151,171,123,134,49,166,166,157,108,144,139,147,95,148,114,1,33,149,158,123
K. Knox II - S. Mays,ATL,6,5,1,0.833,3.7,2.5,7.0,0.357,1.7,3.8,0.435,1.0,1.5,0.667,1.3,3.0,4.3,2.0,1.8,0.5,0.5,0.0,1.0,1.7,7.7,-0.5,93,74,30,30,160,159,151,171,123,134,49,166,166,157,108,145,144,147,95,148,114,1,33,149,158,123
C. Reddish - J. Johnson,ATL,4,2,2,0.5,3.6,2.5,7.0,0.357,1.0,2.8,0.364,0.0,0.0,0.0,0.5,3.5,4.0,2.0,0.8,0.3,0.0,0.5,1.3,0.5,6.0,-2.5,106,104,74,75,162,159,151,171,144,157,120,183,184,183,158,140,146,147,25,179,143,72,48,183,171,166
J. Collins - J. Johnson,ATL,1,0,1,0.0,3.6,1.0,5.0,0.2,1.0,2.0,0.5,3.0,6.0,0.5,1.0,3.0,4.0,0.0,1.0,1.0,0.0,0.0,1.0,3.0,6.0,5.0,165,170,30,170,163,186,171,194,144,171,24,92,48,167,124,145,146,190,33,85,143,1,33,108,171,13
S. Hill - B. Bogdanovic,ATL,5,3,2,0.6,3.6,3.6,7.0,0.514,1.0,2.4,0.417,1.0,1.2,0.833,1.0,2.6,3.6,2.0,0.8,0.8,0.6,0.4,1.6,1.2,9.2,0.2,100,90,74,49,161,147,151,37,144,165,60,166,170,81,124,158,157,147,26,125,104,64,58,161,149,87
L. Williams - D. Hunter,ATL,14,8,6,0.571,3.5,2.5,6.3,0.398,0.9,2.4,0.353,1.6,1.6,0.957,0.8,2.4,3.2,1.4,1.3,0.7,0.3,0.1,1.4,1.6,7.4,-0.1,66,58,133,51,164,159,161,153,171,164,133,151,162,24,148,166,162,173,63,134,135,34,50,153,161,110
L. Stephenson - W. Iwundu,ATL,3,2,1,0.667,3.4,2.3,4.7,0.5,0.7,1.7,0.4,2.0,3.0,0.667,0.0,1.3,1.3,1.0,0.7,0.7,0.0,0.0,2.0,2.0,7.3,-0.7,117,104,30,39,166,165,176,41,180,178,66,126,119,157,178,185,187,180,22,138,143,1,66,136,162,129
S. Cooper - J. Johnson,ATL,6,5,1,0.833,3.4,1.8,6.0,0.306,1.0,2.5,0.4,0.5,1.0,0.5,0.2,2.5,2.7,1.7,0.8,0.2,0.0,0.7,1.0,0.8,5.2,-2.5,93,74,30,30,165,177,164,182,144,161,66,177,171,167,175,160,173,164,28,182,143,97,33,176,178,166
T. Luwawu-Cabarrot - S. Mays,ATL,16,10,6,0.625,3.4,2.3,5.8,0.391,1.1,3.1,0.367,1.3,1.6,0.769,0.6,2.7,3.3,1.8,1.5,0.4,0.3,0.3,0.9,1.3,6.9,-0.6,62,47,133,47,167,167,167,157,141,147,116,164,163,139,157,155,160,162,70,170,139,42,31,160,168,128
G. Dieng - D. Hunter,ATL,9,4,5,0.444,3.3,2.4,5.7,0.431,0.6,2.3,0.238,1.1,1.2,0.909,0.2,1.8,2.0,1.6,0.7,0.4,0.3,0.1,1.4,1.3,6.6,-1.2,76,82,124,123,168,164,168,122,185,167,177,165,169,34,172,179,177,167,22,167,128,33,51,158,169,143
C. Barber - M. Hill,ATL,2,0,2,0.0,3.1,4.5,6.5,0.692,1.0,1.5,0.667,0.0,1.0,0.0,1.0,2.5,3.5,3.5,1.0,0.5,0.0,0.5,1.5,1.0,10.0,6.0,135,170,74,170,170,126,159,8,144,179,11,183,171,183,124,160,159,101,33,148,143,72,53,164,143,7
C. Capela - O. Okongwu,ATL,1,1,0,1.0,3.1,5.0,8.0,0.625,2.0,4.0,0.5,1.0,1.0,1.0,2.0,1.0,3.0,4.0,1.0,0.0,0.0,1.0,0.0,3.0,13.0,8.0,165,122,1,1,169,112,143,14,92,127,24,166,171,1,71,186,163,85,33,184,143,125,1,108,125,4
G. Dieng - C. Barber,ATL,2,0,2,0.0,3.1,3.5,5.5,0.636,1.0,1.0,1.0,0.5,0.5,1.0,0.5,2.0,2.5,2.0,2.0,0.5,0.0,0.0,0.5,0.5,8.5,1.0,135,170,74,170,170,148,169,13,144,182,1,177,180,1,158,169,174,147,103,148,143,1,19,183,153,64
D. Wright - S. Cooper,ATL,7,3,4,0.429,3.0,1.7,4.9,0.353,0.9,2.9,0.3,0.4,0.6,0.75,0.1,2.0,2.1,1.3,1.3,0.3,0.0,0.6,0.9,0.7,4.7,-2.9,87,90,112,131,173,181,175,175,171,154,164,179,179,146,176,169,176,176,63,178,143,92,30,180,182,172
G. Dieng - O. Okongwu,ATL,2,0,2,0.0,3.0,2.0,5.5,0.364,1.0,3.5,0.286,1.0,1.0,1.0,0.5,1.5,2.0,1.5,1.5,0.5,0.0,1.0,0.5,1.0,6.0,0.0,135,170,74,170,172,169,169,170,144,142,167,166,171,1,158,183,177,169,70,148,143,125,19,164,171,94
T. Luwawu-Cabarrot - J. Johnson,ATL,11,8,3,0.727,2.9,1.7,4.5,0.38,0.7,2.3,0.32,1.4,1.7,0.789,0.4,2.5,2.9,1.5,1.5,0.4,0.0,0.3,0.7,1.0,5.5,-0.9,70,58,103,35,174,180,178,164,179,169,155,158,158,118,167,159,171,168,69,173,143,47,29,164,176,133
D. Wright - J. Johnson,ATL,8,3,5,0.375,2.7,1.8,5.0,0.35,0.8,2.4,0.316,1.4,1.6,0.846,0.5,2.5,3.0,1.5,1.0,0.5,0.1,0.4,0.5,1.1,5.6,0.1,80,90,124,139,175,179,171,176,175,166,156,157,163,72,158,160,163,169,33,148,142,60,19,163,175,91
S. Hill - T. Luwawu-Cabarrot,ATL,6,4,2,0.667,2.7,2.0,4.7,0.429,1.0,2.7,0.375,1.3,1.5,0.889,0.5,2.3,2.8,1.7,0.8,1.0,0.0,0.3,0.5,1.0,6.3,1.7,93,82,74,39,176,169,176,126,144,159,105,159,166,44,158,167,172,164,28,85,143,51,19,164,170,46
C. Barber - W. Iwundu,ATL,1,0,1,0.0,2.6,2.0,2.0,1.0,1.0,1.0,1.0,3.0,6.0,0.5,0.0,0.0,0.0,0.0,0.0,1.0,0.0,0.0,1.0,3.0,8.0,2.0,165,170,30,170,177,169,188,1,144,182,1,92,48,167,178,200,200,190,1,85,143,1,33,108,156,37
C. Barber - C. Reddish,ATL,1,0,1,0.0,2.5,3.0,5.0,0.6,0.0,0.0,0.0,1.0,1.0,1.0,1.0,2.0,3.0,1.0,2.0,0.0,0.0,0.0,0.0,1.0,7.0,1.0,165,170,30,170,179,152,171,18,188,199,188,166,171,1,124,169,163,180,103,184,143,1,1,164,163,64
T. Luwawu-Cabarrot - S. Cooper,ATL,8,6,2,0.75,2.5,1.6,3.9,0.419,0.8,1.9,0.4,0.4,0.5,0.75,0.0,1.8,1.8,1.3,1.4,0.4,0.0,0.6,0.9,0.4,4.4,-1.4,80,66,74,34,178,182,181,132,175,177,66,181,180,146,178,180,185,178,67,170,143,95,31,186,185,147
O. Okongwu - S. Cooper,ATL,4,0,4,0.0,2.4,1.5,4.0,0.375,0.8,2.3,0.333,0.8,1.0,0.75,0.3,1.8,2.0,1.0,1.3,0.3,0.0,0.5,0.5,0.8,4.5,-0.3,106,170,112,170,180,183,180,167,175,170,148,175,171,146,169,180,177,180,59,179,143,72,19,178,184,113
S. Mays - S. Cooper,ATL,7,5,2,0.714,2.3,1.4,4.1,0.345,0.9,2.7,0.316,0.1,0.3,0.5,0.1,1.9,2.0,1.3,0.9,0.1,0.0,0.4,0.4,0.4,3.9,-1.1,87,74,74,36,181,184,179,177,171,158,156,182,183,167,176,177,177,176,31,183,143,67,18,185,186,140
C. Barber - J. Johnson,ATL,1,0,1,0.0,1.9,3.0,3.0,1.0,1.0,1.0,1.0,0.0,0.0,0.0,0.0,2.0,2.0,2.0,2.0,1.0,0.0,0.0,0.0,0.0,7.0,5.0,165,170,30,170,182,152,184,1,144,182,1,183,184,183,178,169,177,147,103,85,143,1,1,189,163,13
J. Johnson - M. Hill,ATL,1,0,1,0.0,1.9,3.0,3.0,1.0,1.0,1.0,1.0,0.0,0.0,0.0,0.0,2.0,2.0,2.0,2.0,1.0,0.0,0.0,0.0,0.0,7.0,5.0,165,170,30,170,182,152,184,1,144,182,1,183,184,183,178,169,177,147,103,85,143,1,1,189,163,13
L. Stephenson - C. Capela,ATL,1,0,1,0.0,1.9,2.0,3.0,0.667,2.0,2.0,1.0,0.0,0.0,0.0,0.0,1.0,1.0,0.0,1.0,0.0,1.0,0.0,1.0,0.0,6.0,4.0,165,170,30,170,184,169,184,9,92,171,1,183,184,183,178,186,188,190,33,184,62,1,33,189,171,21
C. Barber - S. Mays,ATL,2,0,2,0.0,1.8,2.0,3.0,0.667,1.0,1.0,1.0,0.0,0.0,0.0,0.0,1.0,1.0,1.5,1.0,0.5,0.0,0.0,0.5,0.0,5.0,0.5,135,170,74,170,185,169,184,9,144,182,1,183,184,183,178,186,188,169,33,148,143,1,19,189,179,79
L. Stephenson - T. Young,ATL,2,1,1,0.5,1.8,2.0,3.5,0.571,1.0,1.5,0.667,0.0,0.0,0.0,0.0,1.5,1.5,2.0,0.0,0.5,0.0,0.0,0.0,0.0,5.0,2.0,135,122,30,75,186,169,182,22,144,179,11,183,184,183,178,183,186,147,1,148,143,1,1,189,179,37
K. Knox II - T. Young,ATL,4,4,0,1.0,1.7,0.5,2.0,0.25,0.0,1.3,0.0,1.8,1.8,1.0,0.3,2.0,2.3,0.3,1.3,0.3,0.0,0.3,0.5,0.8,2.8,-1.0,106,82,1,1,188,193,188,190,188,181,188,146,157,1,169,169,175,188,59,179,143,42,19,178,188,134
W. Iwundu - J. Johnson,ATL,1,1,0,1.0,1.7,0.0,2.0,0.0,0.0,1.0,0.0,2.0,2.0,1.0,0.0,1.0,1.0,0.0,1.0,0.0,0.0,0.0,2.0,1.0,2.0,-2.0,165,122,1,1,187,197,188,197,188,182,188,126,146,1,178,186,188,190,33,184,143,1,66,164,190,159
K. Knox II - D. Hunter,ATL,3,3,0,1.0,1.6,0.3,1.3,0.25,0.0,1.0,0.0,1.7,1.7,1.0,0.3,1.7,2.0,0.0,1.7,0.3,0.0,0.3,0.3,0.7,2.3,-0.3,117,90,1,1,189,196,198,190,188,182,188,149,160,1,168,182,177,190,86,174,143,51,16,181,189,115
O. Okongwu - J. Johnson,ATL,3,1,2,0.333,1.6,0.7,3.3,0.2,0.0,1.0,0.0,0.7,0.7,1.0,0.7,2.3,3.0,0.3,0.7,0.0,0.3,0.3,0.3,0.3,2.0,0.3,117,122,74,147,190,192,183,194,188,182,188,176,178,1,152,167,163,187,22,184,128,51,16,187,190,83
B. Bogdanovic - S. Cooper,ATL,2,0,2,0.0,1.4,0.5,2.0,0.25,0.5,1.0,0.5,1.5,3.0,0.5,0.5,0.5,1.0,0.0,0.0,0.0,0.0,0.5,0.5,1.5,3.0,2.5,135,170,74,170,191,193,188,190,186,182,24,153,119,167,158,196,188,190,1,184,143,72,19,154,187,32
L. Williams - J. Johnson,ATL,1,1,0,1.0,1.4,0.0,5.0,0.0,0.0,2.0,0.0,0.0,0.0,0.0,2.0,1.0,3.0,0.0,0.0,0.0,1.0,1.0,0.0,0.0,0.0,-2.0,165,122,1,1,192,197,171,197,188,171,188,183,184,183,71,186,163,190,1,184,62,125,1,189,198,159
S. Hill - J. Johnson,ATL,1,1,0,1.0,1.3,0.0,2.0,0.0,0.0,1.0,0.0,0.0,0.0,0.0,0.0,1.0,1.0,0.0,1.0,0.0,0.0,1.0,0.0,0.0,0.0,0.0,165,122,1,1,193,197,188,197,188,182,188,183,184,183,178,186,188,190,33,184,143,125,1,189,198,94
S. Hill - S. Cooper,ATL,1,1,0,1.0,1.3,0.0,2.0,0.0,0.0,1.0,0.0,0.0,0.0,0.0,0.0,1.0,1.0,0.0,1.0,0.0,0.0,1.0,0.0,0.0,0.0,0.0,165,122,1,1,193,197,188,197,188,182,188,183,184,183,178,186,188,190,33,184,143,125,1,189,198,94
S. Hill - S. Mays,ATL,1,1,0,1.0,1.3,0.0,2.0,0.0,0.0,1.0,0.0,0.0,0.0,0.0,0.0,1.0,1.0,0.0,1.0,0.0,0.0,1.0,0.0,0.0,0.0,0.0,165,122,1,1,193,197,188,197,188,182,188,183,184,183,178,186,188,190,33,184,143,125,1,189,198,94
D. Hunter - J. Johnson,ATL,1,1,0,1.0,1.0,1.0,2.0,0.5,0.0,0.0,0.0,0.0,0.0,0.0,0.0,1.0,1.0,0.0,0.0,0.0,0.0,0.0,0.0,0.0,2.0,0.0,165,122,1,1,196,186,188,41,188,199,188,183,184,183,178,186,188,190,1,184,143,1,1,189,190,94
T. Luwawu-Cabarrot - D. Hunter,ATL,4,2,2,0.5,1.0,0.5,1.8,0.286,0.5,1.0,0.5,0.0,0.0,0.0,0.0,0.5,0.5,0.3,0.0,0.0,0.0,0.8,0.0,0.3,1.5,-1.0,106,104,74,75,198,193,197,186,186,182,24,183,184,183,178,196,197,188,1,184,143,107,1,188,197,134
T. Young - J. Johnson,ATL,1,1,0,1.0,1.0,1.0,2.0,0.5,0.0,0.0,0.0,0.0,0.0,0.0,0.0,1.0,1.0,0.0,0.0,0.0,0.0,0.0,0.0,0.0,2.0,0.0,165,122,1,1,196,186,188,41,188,199,188,183,184,183,178,186,188,190,1,184,143,1,1,189,190,94
J. Collins - K. Knox II,ATL,2,2,0,1.0,0.8,1.0,1.0,1.0,0.0,0.0,0.0,0.0,0.0,0.0,0.0,0.5,0.5,1.0,0.5,0.5,0.5,0.0,0.5,1.0,2.0,-1.0,135,104,1,1,199,186,199,1,188,199,188,183,184,183,178,196,197,180,15,148,114,1,19,164,190,134
K. Huerter - J. Johnson,ATL,2,1,1,0.5,0.8,1.0,1.0,1.0,0.0,0.0,0.0,0.0,0.0,0.0,0.0,0.5,0.5,0.5,0.5,0.5,0.0,0.0,0.5,0.0,2.0,1.5,135,122,30,75,199,186,199,1,188,199,188,183,184,183,178,196,197,186,15,148,143,1,19,189,190,52
K. Huerter - S. Cooper,ATL,1,1,0,1.0,0.7,1.0,1.0,1.0,0.0,0.0,0.0,0.0,0.0,0.0,0.0,0.0,0.0,1.0,1.0,1.0,0.0,0.0,1.0,0.0,2.0,1.0,165,122,1,1,201,186,199,1,188,199,188,183,184,183,178,200,200,180,33,85,143,1,33,189,190,64
C. Capela - S. Cooper,ATL,1,0,1,0.0,0.4,0.0,1.0,0.0,0.0,1.0,0.0,0.0,0.0,0.0,0.0,0.0,0.0,0.0,0.0,0.0,0.0,1.0,0.0,0.0,0.0,0.0,165,170,30,170,202,197,199,197,188,182,188,183,184,183,178,200,200,190,1,184,143,125,1,189,198,94
D. Hunter - S. Cooper,ATL,1,0,1,0.0,0.4,0.0,1.0,0.0,0.0,1.0,0.0,0.0,0.0,0.0,0.0,0.0,0.0,0.0,0.0,0.0,0.0,1.0,0.0,0.0,0.0,0.0,165,170,30,170,202,197,199,197,188,182,188,183,184,183,178,200,200,190,1,184,143,125,1,189,198,94
T. Young - S. Cooper,ATL,1,0,1,0.0,0.4,0.0,1.0,0.0,0.0,1.0,0.0,0.0,0.0,0.0,0.0,0.0,0.0,0.0,0.0,0.0,0.0,1.0,0.0,0.0,0.0,0.0,165,170,30,170,202,197,199,197,188,182,188,183,184,183,178,200,200,190,1,184,143,125,1,189,198,94
